{
    "version": 1,
    "revision": 0,
    "rules": [
        {
            "primary-output": "x64\\Debug\\addition.h.obj",
            "outputs": [
                "C:\\Users\\IVMetodiev23\\source\\repos\\Task3\\x64\\Debug\\math.pdb",
                "x64\\Debug\\",
                "C:\\Users\\IVMetodiev23\\source\\repos\\Task3\\math\\x64\\Debug\\addition.h.ifc"
            ],
            "provides": [
                {
                    "logical-name": "addition.h",
                    "source-path": "c:\\users\\ivmetodiev23\\source\\repos\\task3\\math\\addition.h",
                    "lookup-method": "absolute"
                }
            ],
            "requires": []
        }
    ]
}